{"cameraMode":{"drawMode":0,"name":"Shaded","section":"Shading Mode"},"sceneLighting":true,"audioPlay":false,"sceneViewState":{"m_AlwaysRefresh":false,"showFog":true,"showSkybox":true,"showFlares":true,"showImageEffects":true,"showParticleSystems":true,"showVisualEffectGraphs":true,"m_FxEnabled":true},"in2DMode":false,"pivot":{"x":-4.946140289306641,"y":-1.5309123992919922,"z":11.42363166809082},"rotation":{"x":-0.3595847487449646,"y":-0.0006157678435556591,"z":0.0002608471841085702,"w":-0.9331549406051636},"size":14.40851879119873,"orthographic":false}