{"cameraMode":{"drawMode":0,"name":"Shaded","section":"Shading Mode"},"sceneLighting":true,"audioPlay":false,"sceneViewState":{"m_AlwaysRefresh":false,"showFog":true,"showSkybox":true,"showFlares":true,"showImageEffects":true,"showParticleSystems":true,"showVisualEffectGraphs":true,"m_FxEnabled":true},"in2DMode":false,"pivot":{"x":10.128862380981446,"y":1.6954846382141114,"z":-1.3449392318725587},"rotation":{"x":-0.05079727619886398,"y":0.9097276926040649,"z":-0.3951891362667084,"w":-0.11692704260349274},"size":6.703275680541992,"orthographic":false}