{"cameraMode":{"drawMode":0,"name":"Shaded","section":"Shading Mode"},"sceneLighting":true,"audioPlay":false,"sceneViewState":{"m_AlwaysRefresh":false,"showFog":true,"showSkybox":true,"showFlares":true,"showImageEffects":true,"showParticleSystems":true,"showVisualEffectGraphs":true,"m_FxEnabled":true},"in2DMode":false,"pivot":{"x":3.1493453979492189,"y":-8.690116882324219,"z":5.486191749572754},"rotation":{"x":-0.3384459316730499,"y":-0.019012432545423509,"z":0.006771467626094818,"w":-0.9408558011054993},"size":16.895597457885743,"orthographic":false}